mtkid,HarmVirtue,HarmVice,FairnessVirtue,FairnessVice,IngroupVirtue,IngroupVice,AuthorityVirtue,AuthorityVice,PurityVirtue,MoralityGeneral,PurityVice
A3L0DCUXI7X3A9,0.0,0.0,0.0,0.0,0.0,0.0,0.0,0.0,0.0,0.0,0.0
A3I40B0FATY8VH,0.00025908973141031176,0.004577251921582174,0.007772691942309353,0.006218153553847482,0.0044045254339753,0.0017272648760687452,0.004145435702564988,0.0022454443388893685,0.0007772691942309353,0.007772691942309353,0.0006045427066240608
A2MCRVU8I9VNHG,0.0,0.006309148264984227,0.0031545741324921135,0.0031545741324921135,0.002365930599369085,0.0015772870662460567,0.005520504731861199,0.0015772870662460567,0.0031545741324921135,0.00946372239747634,0.0015772870662460567
A1PJUYJ7W2LKKQ,0.00013444474321054048,0.001411669803710675,0.0010083355740790536,0.0007394460876579726,0.0032266738370529714,0.00020166711481581071,0.00013444474321054048,0.0003361118580263512,0.00013444474321054048,0.002554450121000269,6.722237160527024e-05
A1KZ21TSAYUHO4,0.0,0.002900232018561485,0.002320185614849188,0.0,0.002900232018561485,0.0,0.001160092807424594,0.0,0.0,0.0017401392111368909,0.0
A2UO3QJZNC2VOE,4.206452698439406e-05,0.0008412905396878813,0.0010095486476254575,0.00046270979682833466,0.003996130063517436,0.00021032263492197032,0.0006309679047659109,0.00016825810793757624,0.00016825810793757624,0.0025238716190636437,0.00025238716190636437
A1B2V27QSGPT6W,0.0004542652259969499,0.0048022323891106136,0.0032771991304065672,0.002076641033128914,0.004250624614685746,0.000584055290567507,0.001849508420130439,0.0009734254842791784,0.0006165028067101464,0.005256497615107564,0.0007787403874233427
A22KRF782ELLB0,0.0,0.0,0.0,0.0,0.015384615384615385,0.0,0.0,0.0,0.0,0.0,0.0
A19ZWBQT8A3LIR,0.0,0.007159904534606206,0.002386634844868735,0.00477326968973747,0.002386634844868735,0.0,0.002386634844868735,0.0,0.002386634844868735,0.00477326968973747,0.0
A2USG66RL7MM4E,0.0,0.0,0.0,0.0,0.0,0.0,0.0,0.0,0.0,0.0,0.0
AASQHRMEAPCHZ,0.0,0.0,0.0011695906432748538,0.0,0.022222222222222223,0.0,0.0,0.0,0.0023391812865497076,0.0035087719298245615,0.0
A1879O6JNJ6ZIY,0.0,0.0,0.0,0.0,0.0,0.0,0.0,0.0,0.0,0.0,0.0
A34TVS5NMPO3O2,0.0,0.0006464124111182935,0.0,0.0,0.0,0.0,0.0,0.0,0.0,0.0,0.0006464124111182935
A2FARB7LA24AU8,0.00043803613798138347,0.0035042891038510678,0.004124840299324695,0.00317576200036503,0.007118087242197481,0.002153677678408469,0.00211717466691002,0.0017521445519255339,0.0007665632414674211,0.00529293666727505,0.00105858733345501
A5P78B8P70TOJ,0.003851974136745082,0.004539826661163846,0.004402256156280093,0.0026138395927913054,0.007979089283257669,0.0006878525244187646,0.005777961205117622,0.003714403631861329,0.006878525244187647,0.011143210895583986,0.003164121612326317
A3L2VS3998R77L,0.000892268301198743,0.003025953369282694,0.003918221670481437,0.0029483648213523683,0.004073398766342088,0.0017069480544671606,0.0018233308763626489,0.0027931877254917174,0.0007370912053380921,0.003142336191178182,0.0013577995887806959
A37W0GRXSM04LX,0.0020558461498425586,0.006818122674161397,0.007702917219663257,0.005048533583157676,0.00697426288807349,0.003461108075051396,0.005412860748952559,0.005985374866630234,0.004970463476201629,0.010643557915007677,0.0038774819788169775
AT60ESWGVSAG9,0.00036755053819900236,0.0027303754266211604,0.0020477815699658703,0.0006825938566552901,0.0073510107639800475,0.0006300866369125755,0.0011551588343397218,0.0005250721974271463,0.00036755053819900236,0.005670779732213179,0.0005775794171698609
A1MIBEGF81ZLUS,0.0004872700694359849,0.004223007268445203,0.004182401429325537,0.0014618102083079547,0.007471474398018435,0.00040605839119665406,0.0028018028992569132,0.0015024160474276201,0.0017460510821456126,0.005847240833231819,0.000893328460632639
A2RCYLKY072XXO,0.0002961208172934557,0.0005922416345869114,0.0017767249037607344,0.0005922416345869114,0.00414569144210838,0.0011844832691738228,0.0011844832691738228,0.0,0.0002961208172934557,0.0026650873556411016,0.0
A3UE7W812DYAK0,0.0006397952655150352,0.003100546286726709,0.0040848466952113785,0.0014764506127270044,0.008022048329150057,9.843004084846695e-05,0.0013780205718785373,0.0006890102859392687,0.0006397952655150352,0.006644027757271519,0.0006397952655150352
A1P8K83P1987GB,0.0008173941474579042,0.0016347882949158084,0.003269576589831617,0.0014713094654242277,0.006702632009154814,0.00016347882949158083,0.0006539153179663233,0.00032695765898316167,0.00032695765898316167,0.00196174595389897,0.0004904364884747426
A2WZGCFPJ8EEQW,0.0,0.0036781609195402297,0.005977011494252874,0.001379310344827586,0.012413793103448275,0.0,0.0018390804597701149,0.0,0.0,0.007816091954022988,0.0
A2AI4HOWRCG7KZ,0.00042575334689436584,0.003595250484885756,0.004162921614078244,0.0044940631061071955,0.0051090401627323905,0.0011353422583849756,0.0028856615733951463,0.001182648185817683,0.0007095889114906098,0.005818629074223,0.0008042007663560245
A1EOPEG6RHXO1V,0.00019932230416583617,0.0018736296591588598,0.0013553916683276858,0.0009168825991628463,0.004185768387482559,0.00035878014749850506,0.0006378313733306757,0.0006378313733306757,0.0005581024516643412,0.0026709188758222047,0.0005979669124975084
A1BAEFJ2OG7NJ0,0.0019430950728660653,0.006453851492019431,0.005690492713393476,0.005412907702984039,0.008119361554476059,0.0019430950728660653,0.0037473976405274115,0.002498265093684941,0.0018043025676613463,0.008535739070090215,0.0015267175572519084
A2S6QOCFC3EAYH,0.0,0.00044464206313917296,0.0017785682525566918,0.0,0.0017785682525566918,0.0008892841262783459,0.0,0.0,0.0,0.0008892841262783459,0.00044464206313917296
A37LQHDHZLKVCH,0.00020631318341242006,0.0027852279760676706,0.003610480709717351,0.0014441922838869404,0.003507324118011141,0.00020631318341242006,0.0019599752424179907,0.0010315659170621002,0.0004126263668248401,0.003919950484835981,0.0004126263668248401
A26N7JWACRX7BW,0.0006347862886161659,0.004739737621667372,0.003977994075327973,0.0016927634363097758,0.010410495133305121,0.001396529834955565,0.0014388489208633094,0.001396529834955565,0.0004655099449851883,0.006347862886161659,0.0008887008040626322
A15K0L6NGQXOM0,0.0012541543864049663,0.0036370477205744027,0.004076001755816141,0.0035743400012541544,0.006521602809305826,0.001567692983006208,0.0022574778955289396,0.0014422775443657114,0.001191446667084718,0.0055809870195021,0.001567692983006208
A3A07QA5U733HQ,0.0002472901125170012,0.0031323414252153485,0.0021843959939001774,0.0009067304125623377,0.0065119729629476986,0.0003709351687755018,0.0005357952437868359,0.0008655153938095042,0.00032972015002266826,0.003874211762766352,0.0005357952437868359
A3L4JI1S352HB8,0.0012315270935960591,0.010467980295566502,0.0024630541871921183,0.0018472906403940886,0.01600985221674877,0.0024630541871921183,0.0018472906403940886,0.0024630541871921183,0.0018472906403940886,0.0067733990147783255,0.003078817733990148
A2I8YALVTOJN49,0.0009523809523809524,0.004285714285714286,0.002142857142857143,0.0011904761904761906,0.007142857142857143,0.0016666666666666668,0.0019047619047619048,0.0019047619047619048,0.002142857142857143,0.004761904761904762,0.0014285714285714286
AJJN3YJZ4H61K,0.0,0.01079136690647482,0.0,0.0035971223021582736,0.007194244604316547,0.0035971223021582736,0.0,0.0,0.0035971223021582736,0.01079136690647482,0.0
A375OH1S7FO7L8,0.00012428535918468804,0.0014914243102162564,0.0015535669898086005,0.0007457121551081282,0.003107133979617201,0.0014914243102162564,0.0013671389510315685,0.0010564255530698483,0.0005592841163310962,0.003044991300024857,0.0003107133979617201
A7P3R1AIA4TVV,0.0007790184367696703,0.0032891889552497185,0.004890504630831819,0.0030727949450359213,0.006491820306413918,0.0010819700510689863,0.0035488617675062755,0.001817709685795897,0.0012550852592400242,0.006838050722755994,0.0007357396347269108
A1PUHCEBSOWETV,0.0,0.0030193236714975845,0.0036231884057971015,0.0006038647342995169,0.00785024154589372,0.0,0.0,0.0,0.0006038647342995169,0.00785024154589372,0.0
A1POAW2RQBTBXB,0.0,0.0,0.0,0.0,0.0,0.0,0.0,0.0,0.0,0.0,0.02564102564102564
A2TUAO3C3IZ1NE,0.004608294930875576,0.0,0.013824884792626729,0.0,0.009216589861751152,0.004608294930875576,0.0,0.0,0.0,0.004608294930875576,0.0
A3HTLXAPOBCVVO,0.0007542147293700088,0.004214729370008873,0.003593611357586513,0.002173913043478261,0.012422360248447204,0.0012422360248447205,0.0023957409050576754,0.0013309671694764862,0.001064773735581189,0.008961845607808341,0.0006211180124223603
A377LTGWJKY2IW,0.0013150973172014729,0.0021041557075223566,0.0013150973172014729,0.0007890583903208837,0.009468700683850605,0.0,0.0005260389268805891,0.0,0.0,0.003945291951604419,0.0002630194634402946
A2QKNW8U6MP1YH,0.001649620587264929,0.003299241174529858,0.009567799406136588,0.00395908940943583,0.009237875288683603,0.0026393929396238865,0.007588254701418674,0.003629165291982844,0.001979544704717915,0.006268558231606731,0.0009897723523589574
A3UMJK169791WJ,0.0,0.0025806451612903226,0.0017204301075268817,0.0012903225806451613,0.012903225806451613,0.00043010752688172043,0.00043010752688172043,0.0017204301075268817,0.0008602150537634409,0.005161290322580645,0.0
A1XIJE772WYRNJ,0.00045320643553138455,0.0011783367323816,0.002084749603444369,0.0007704509404033537,0.001314298663041015,0.0006798096532970768,0.0008610922275096306,0.0010423748017221845,0.0001812825742125538,0.0007251302968502152,0.0005891683661908
A2T1LNI80EPOQR,0.0,0.0,0.001630730204747237,0.0,0.001630730204747237,0.0,0.0,0.0,0.0001811922449719152,0.0,0.0
A12NO2MNOIREXA,0.0007938608097380259,0.0031754432389521038,0.003440063508864779,0.0023815824292140776,0.00396930404869013,0.0013231013495633766,0.0007938608097380259,0.0005292405398253506,0.0005292405398253506,0.0023815824292140776,0.0002646202699126753
A1G5NDG1VWVMJS,0.0003562998263038347,0.0014697367835033181,0.0013806618269273593,0.000267224869727876,0.005567184785997417,0.000133612434863938,0.00044537478287979334,0.00044537478287979334,0.0005789872177437313,0.0020487240012470494,0.00040083730459181404
A2YCMT5BPA0AG9,0.0,0.0,0.0,0.0,0.0125,0.0,0.0,0.0,0.0,0.0,0.0
A2YE2I9DYV9OKW,0.00045421511627906976,0.003633720930232558,0.0017260174418604651,0.0014534883720930232,0.005359738372093023,0.00045421511627906976,0.0029069767441860465,0.0012718023255813954,0.0014534883720930232,0.008630087209302325,0.0011809593023255813
A1JH50STB9BOB6,0.0009438270665245852,0.004719135332622926,0.0045973511950068505,0.004140660678946567,0.007976861013852945,0.0018572080986451515,0.003714416197290303,0.004688689298218907,0.0016440858578170192,0.007489724463388644,0.001735423961029076
A2NBBQ3DKW5MV3,0.0006353240152477764,0.0,0.0006353240152477764,0.0,0.0012706480304955528,0.0,0.0006353240152477764,0.0,0.0,0.0,0.0006353240152477764
A3R98EUOF1B2M1,0.0,0.0,0.0018298261665141812,0.0,0.0036596523330283625,0.0,0.0027447392497712718,0.0,0.0,0.0036596523330283625,0.0
A3J6V7EWSZK5TJ,0.0002623036820879373,0.003246008065838224,0.0037050395094921145,0.0017049739335715925,0.006131348568805535,0.0008524869667857962,0.0018689137348765533,0.0010492147283517493,0.0005246073641758746,0.007082199416374307,0.0006229712449588511
A3PL4IJFVVRCPD,0.0007405840033855269,0.00426717449569756,0.0055720129778530116,0.006136267456622937,0.007970094512625195,0.003808717731696995,0.003773451826773875,0.004372972210466921,0.0012695725772323319,0.006030469741853576,0.001410636196924813
A2GTYOM6QUGKOO,0.0022073532454990686,0.0037593984962406013,0.0025177622956473753,0.0007932675726012279,0.009553700765675657,0.0007932675726012279,0.0015865351452024558,0.002069393667655377,0.007208387942332897,0.004897565013451059,0.0026902117679519903
A3MIF7YOVHUQIC,0.0,0.0,0.0,0.0,0.0,0.0,0.0,0.0,0.0,0.0,0.0
A1NXDNRUNL87XN,0.00044434570095534326,0.002443901355254388,0.0023328149300155523,0.002443901355254388,0.007331704065763164,0.0007776049766718507,0.0016662963785825371,0.0026660742057320595,0.0009997778271495224,0.005443234836702955,0.0008886914019106865
A2OX7JLY6741WG,0.0004572473708276177,0.002514860539551898,0.0038866026520347507,0.0011431184270690445,0.0074302697759487885,0.00011431184270690443,0.0028577960676726107,0.00022862368541380886,0.000800182898948331,0.006973022405121171,0.0003429355281207133
AH31QLJ57XC8W,0.004430049884595339,0.0035738217556399374,0.005360732633459906,0.0012657285384558112,0.015561015561015561,0.0007817735090462363,0.0032015486560941107,0.0023080932171841264,0.002345320527138709,0.00651477924205197,0.0010423646787283151
A1QYTV4R5UWV4G,0.00044813818952171435,0.004033243705695429,0.002770308807952416,0.0010592357206876885,0.0053369184388495075,0.0002036991770553247,0.0009777560498655585,0.0006110975311659741,0.00036665851869958444,0.0037888046932290395,0.00036665851869958444
A49A0FF6ZXYDU,0.0,0.021052631578947368,0.0,0.0,0.0,0.0,0.0,0.0,0.0,0.0,0.0
AXTVX0Y7CYNQ3,0.0007239819004524887,0.004705882352941176,0.003257918552036199,0.001176470588235294,0.006515837104072398,0.00036199095022624434,0.0014027149321266968,0.0012217194570135746,0.0008597285067873303,0.006153846153846154,0.0011312217194570137
AYNUK54JG6E2H,0.0,0.0,0.0,0.0,0.01,0.0,0.02,0.0,0.0,0.02,0.0
A1QEQOI98976S0,0.0,0.00014716703458425313,0.0,7.358351729212656e-05,0.0,0.0,0.0,0.0,7.358351729212656e-05,0.0,0.0
A2ZPSPA0R8KSL8,0.0005728470498376934,0.0024823372159633377,0.002052701928585068,0.0010024823372159633,0.005060148940232958,0.00033416077907198776,0.001336643116287951,0.0006683215581439755,0.0006683215581439755,0.003962192094710712,0.0005728470498376934
A49WTQG4MBT9Z,0.000527203711514129,0.005008435259384226,0.004243989877688739,0.002056094474905103,0.006194643610291016,0.001212568536482497,0.0019506537326022776,0.001977013918177984,0.0012652889076339097,0.006748207507380852,0.001397089835512442
A362CV8OOYJA6W,0.009708737864077669,0.0,0.009708737864077669,0.0,0.02912621359223301,0.0,0.009708737864077669,0.019417475728155338,0.0,0.009708737864077669,0.0
A3O0ZQMDKOKAMR,0.0,0.00847457627118644,0.0,0.0,0.0,0.00847457627118644,0.0,0.00847457627118644,0.0,0.0,0.0
A1VBZWAHLWQMXM,0.00041539020717586584,0.0043615971753465915,0.00337504543330391,0.005400072693286255,0.00659431953891687,0.0032711978815099436,0.004673139830728491,0.0021807985876732957,0.0014538657251155305,0.009605898540941897,0.0009346279661456981
A35DZ5AAKNOKQ8,7.049948887870563e-05,0.00042299693327223377,0.00042299693327223377,0.00021149846663611689,0.004476717543797808,0.0,0.00042299693327223377,7.049948887870563e-05,0.0005287461665902922,0.000951743099862526,7.049948887870563e-05
A88DXNDGDUWEN,0.0015758480550717427,0.005473998507091316,0.0061375134776478395,0.00460313510823588,0.010284482043626109,0.0018246661690304387,0.003981089823339139,0.00721572530480219,0.0021149539686489177,0.008086588703657626,0.0019905449116695696
A6MWJK1YEY5L2,0.0,0.004542873367404884,0.002271436683702442,0.002271436683702442,0.006246450880181715,0.0,0.0017035775127768314,0.0,0.0,0.006246450880181715,0.0005678591709256105
A37V2BNHM204M7,0.0018214936247723133,0.00819672131147541,0.0018214936247723133,0.0018214936247723133,0.00819672131147541,0.0,0.0009107468123861566,0.0,0.0009107468123861566,0.00273224043715847,0.0
A2OJ5XOEKTKRR9,0.0,0.0010559662090813093,0.0006335797254487857,0.0008447729672650475,0.003590285110876452,0.0,0.0,0.0,0.0,0.0029567053854276664,0.0
A27Y4NEIQQH00M,0.0001324210990951225,0.0012800706245861841,0.0015007724564113881,0.0010152284263959391,0.0051202824983447364,0.00035312293092032665,0.0007945265945707349,0.00105936879276098,0.00052968439638049,0.0040609137055837565,0.0007062458618406533
A22ALWFDK913C4,0.0006736274840013472,0.0057258336140114515,0.003368137420006736,0.0010104412260020209,0.010441226002020883,0.0003368137420006736,0.0010104412260020209,0.0003368137420006736,0.001684068710003368,0.005389019872010778,0.0003368137420006736
A3PSY76FRTWBBI,0.0,0.000715307582260372,0.001430615164520744,0.0,0.005007153075822604,0.000715307582260372,0.0,0.000715307582260372,0.000715307582260372,0.0,0.0
A1OE4SD0GXFOUP,0.0005669181457415726,0.0047533906066024156,0.003706772491387205,0.0017007544372247177,0.010073699358946404,0.0007849635864114081,0.0014827089965548821,0.0010030090270812437,0.0007849635864114081,0.007326326806506476,0.0007849635864114081
AW1QY7Q83DYCJ,0.0,0.0,0.09090909090909091,0.0,0.045454545454545456,0.0,0.0,0.045454545454545456,0.0,0.0,0.0
A1Y7IIQ9A8B508,0.0,0.0,0.0,0.0,0.0,0.0,0.0,0.0,0.0,0.0,0.0
A3TOI40R1LPLNE,0.0003074085459575776,0.003074085459575776,0.0027666769136181985,0.0012296341838303104,0.006916692284045497,0.0001537042729787888,0.0003074085459575776,0.000768521364893944,0.0006148170919151552,0.0066092837380879186,0.0010759299108515216
A1z2zgpjrgg0g3,0.0,0.0,0.03508771929824561,0.0,0.0,0.0,0.0,0.0,0.0,0.0,0.0
A13LQZLDE9BUEH,0.0,0.0,0.0,0.0,0.002171552660152009,0.0,0.0,0.0,0.0,0.0,0.0
A3IDPT97BOSXGO,0.0,0.0003729951510630362,0.0011189854531891085,0.0011189854531891085,0.0011189854531891085,0.0003729951510630362,0.0011189854531891085,0.0,0.0007459903021260724,0.0007459903021260724,0.0
A377OG15Q3U35C,0.0,0.000859106529209622,0.00429553264604811,0.0,0.014604810996563574,0.0,0.001718213058419244,0.000859106529209622,0.000859106529209622,0.00429553264604811,0.0
APXNY64HXO08K,0.0004967709885742673,0.001987083954297069,0.0004967709885742673,0.0004967709885742673,0.005961251862891207,0.0,0.0004967709885742673,0.0004967709885742673,0.0004967709885742673,0.001987083954297069,0.0004967709885742673
A32OQIKGNOPDKC,0.0,0.0052696838189708614,0.0015499070055796653,0.0024798512089274642,0.0024798512089274642,0.0024798512089274642,0.0021698698078115313,0.0018598884066955983,0.00030998140111593303,0.0043397396156230625,0.0012399256044637321
A11A83GK7BV037,0.0007672634271099745,0.004347826086956522,0.004347826086956522,0.0017902813299232737,0.008695652173913044,0.001534526854219949,0.0038363171355498722,0.004603580562659846,0.002301790281329923,0.006138107416879796,0.0012787723785166241
A2STXZFG083AAB,0.000767438673427436,0.004248321227901877,0.005481704810195971,0.004988351377278334,0.005125393997533233,0.0027408524050979853,0.004111278607646978,0.003398656982321502,0.0012882006303960533,0.0049335343291763735,0.0010415239139372344
A25AQVQ1NAY36D,0.0,6.0393767363208115e-05,0.00030196883681604057,0.0,0.000543543906268873,0.0,0.00012078753472641623,0.0,0.00012078753472641623,0.00024157506945283246,0.0
AWAW665TQQP2F,0.0,0.0,0.0,0.0,0.0,0.0,0.0,0.0,0.0,0.0,0.0
A1MZAW73X090DS,0.0016598569969356485,0.0040858018386108275,0.004341164453524004,0.0029366700715015323,0.014427987742594484,0.0008937691521961185,0.003192032686414709,0.0015321756894790602,0.001787538304392237,0.007022471910112359,0.0016598569969356485
AGBW9W637YQ6C,0.0,0.0016750418760469012,0.0008375209380234506,0.0,0.006700167504187605,0.0008375209380234506,0.0,0.002512562814070352,0.0,0.002512562814070352,0.0
A14ADQ7RUN6TDY,0.0,0.005671077504725898,0.0,0.004725897920604915,0.008506616257088847,0.001890359168241966,0.0,0.002835538752362949,0.0,0.00945179584120983,0.003780718336483932
A2XMFTY9WB05U6,0.0,0.0,0.0,0.0,0.0,0.0,0.0,0.0,0.0,0.0,0.0
AWE9A4ZOP9LNU,0.0014265335235378032,0.0028530670470756064,0.0028530670470756064,0.0014265335235378032,0.014265335235378032,0.0014265335235378032,0.0014265335235378032,0.0,0.0,0.007132667617689016,0.0
AHGDYNKOKJWFJ,0.0,0.0,0.0,0.0,0.0,0.0,0.0,0.0,0.0,0.0,0.0
A3IDBFPW2T9P5D,0.001263823064770932,0.002527646129541864,0.00631911532385466,0.001263823064770932,0.007898894154818325,0.000631911532385466,0.002527646129541864,0.0018957345971563982,0.001263823064770932,0.006003159557661927,0.001263823064770932
A24DDWABLZUX1H,0.0,0.027777777777777776,0.013888888888888888,0.013888888888888888,0.013888888888888888,0.0,0.0,0.0,0.0,0.013888888888888888,0.0
A2R9OK4M877ZCC,0.00026140373807345446,0.003921056071101817,0.004051757940138544,0.0027447392497712718,0.0048359691543589075,0.0019605280355509086,0.0009149130832570906,0.0014377205594039994,0.00026140373807345446,0.004313161678211998,0.0013070186903672723
A14SXXOGFMEFM6,0.00033025099075297226,0.0059445178335535,0.003963011889035667,0.003963011889035667,0.00511889035667107,0.001486129458388375,0.0016512549537648614,0.001321003963011889,0.0006605019815059445,0.007760898282694848,0.001155878467635403
A26A4HEBGP2MOX,0.0010445682451253482,0.005222841225626741,0.008704735376044569,0.00383008356545961,0.005222841225626741,0.0,0.002785515320334262,0.0017409470752089136,0.0010445682451253482,0.005222841225626741,0.001392757660167131
A28HB6T2S3GKVD,0.0,0.0,0.0,0.0,0.0,0.0,0.0,0.0,0.0,0.0,0.0
A1HYMGPYXU97ZN,7.54261577915221e-05,0.0005279831045406547,0.0003017046311660884,0.0005279831045406547,0.0016593754714134862,0.0,7.54261577915221e-05,0.0001508523155830442,7.54261577915221e-05,0.001508523155830442,0.0
A1KET5Z038NMWD,0.0002853067047075606,0.0032606480538006927,0.002404727939678011,0.001915630731607907,0.005298553087426126,0.0006928877114326473,0.0010597106174852252,0.0007336458121051559,0.0005298553087426126,0.004238842469940901,0.0005298553087426126
A1PBFDQR599N3K,0.0,0.0,0.0,0.0,0.0035971223021582736,0.0,0.0,0.0,0.0,0.0,0.0
A3GUSBF7LGFWFT,0.00029046547091714475,0.00399390022511074,0.0009440127804807203,0.003267736547817878,0.0027231137898482316,0.0003267736547817878,0.005918233969936824,0.0004720063902403602,0.00029046547091714475,0.009694285091859706,0.000835088228886791
A2QJ22AYO30HXR,0.00021173879901753196,0.00033878207842805115,0.0007622596764631151,8.469551960701279e-05,0.004150080460743627,4.234775980350639e-05,0.000635216397052596,0.00021173879901753196,0.0007199119166596087,0.002286779029389345,0.00025408655882103837
A3P7XSX4AH6VRP,5.3149083178315176e-05,0.0005846399149614669,0.0009035344140313579,0.0002125963327132607,0.0035609885729471166,0.0,0.00031889449906989106,0.00010629816635663035,0.0003720435822482062,0.0011692798299229338,0.0002125963327132607
A110ICG2VQUGXS,0.0,0.03225806451612903,0.0,0.03225806451612903,0.0,0.0,0.0,0.0,0.0,0.03225806451612903,0.0
A38G96U9JZU3CW,0.0009986684420772304,0.002330226364846871,0.002663115845539281,0.0006657789613848203,0.007989347536617843,0.0,0.0019973368841544607,0.0006657789613848203,0.00033288948069241014,0.008322237017310254,0.0
AL2K0EBC524TR,0.0,0.0,0.0,0.0,0.0,0.0,0.0,0.0,0.0,0.0,0.0
A2PRLCEP7GEQXI,0.002652519893899204,0.005305039787798408,0.0,0.002652519893899204,0.005305039787798408,0.0,0.005305039787798408,0.005305039787798408,0.005305039787798408,0.010610079575596816,0.002652519893899204
AYB7U8LZ87F0K,0.000297000297000297,0.003267003267003267,0.002574002574002574,0.001881001881001881,0.005049005049005049,0.000594000594000594,0.001287001287001287,0.001089001089001089,0.000792000792000792,0.002673002673002673,0.001386001386001386
A3F51C49T9A34D,0.0,0.0,0.0,0.0,0.0,0.0,0.0,0.0,0.0,0.0,0.0
A0467121226LDESR9HWNF,0.0003775959723096287,0.001762114537444934,0.008055380742605412,0.0007551919446192574,0.0039018250471994967,0.0002517306482064191,0.001132787916928886,0.0012586532410320957,0.0007551919446192574,0.003524229074889868,0.001132787916928886
A5W6U5FSDF4QX,0.0006985679357317499,0.0041914076143905,0.0038421236465246244,0.0027942717429269995,0.0062871114215857496,0.0,0.0034928396786587496,0.00209570380719525,0.0013971358714634998,0.005239259517988124,0.00034928396786587494
A3KC385CZNYEG5,0.0009715025906735751,0.005643967431532199,0.004186713545521836,0.0025675425610658773,0.005597705403404886,0.000925240562546262,0.0018967431532198372,0.0024518874907475943,0.001804219096965211,0.00610658771280533,0.0026138045891931903
AJFVK3O1D7SPE,0.0,0.0029469548133595285,0.003929273084479371,0.0005893909626719057,0.006090373280943025,0.0005893909626719057,0.0005893909626719057,0.0003929273084479371,0.00019646365422396856,0.0029469548133595285,0.0003929273084479371
AGWEXUS5XLGMX,0.000700770847932726,0.003924316748423266,0.0032235459004905397,0.002662929222144359,0.008409250175192713,0.0011212333566923615,0.0030833917309039944,0.0025227750525578137,0.002242466713384723,0.006587245970567625,0.0009810791871058165
AXJYGUTPJ6YC4,0.0,0.0,0.0,0.0,0.0,0.0,0.0,0.0,0.0,0.0,0.0
A39N38SJ4SPW94,0.0006866245536940401,0.0038450975006866246,0.0028838231255149684,0.0019225487503433123,0.006591595715462785,0.0006866245536940401,0.0013732491073880802,0.0010985992859104642,0.0006866245536940401,0.0030211480362537764,0.0006866245536940401
A1X9D35OHEP9FG,0.00033178500331785003,0.0061933200619332,0.00564034505640345,0.0022119000221190004,0.011059500110595002,0.0013271400132714001,0.0015483300154833,0.00210130502101305,0.0013271400132714001,0.006525105065251051,0.0009953550099535502
A13OAZH7U7HFF4,0.0005096468875136512,0.003349108117946851,0.004222788496541682,0.0015289406625409539,0.006661812886785585,0.00036403349108117945,0.002002184200946487,0.0008736803785948308,0.0007280669821623589,0.004732435384055333,0.000691663633054241
A11EL5LWS2L1HX,0.0,0.0,0.0,0.0,0.0,0.0,0.0,0.0,0.0,0.0,0.0
APY2D74NQIQ7W,0.0006929740134744947,0.00465832531280077,0.003233878729547642,0.0011934552454282963,0.009817131857555342,0.0006544754571703561,0.0019249278152069298,0.0008854667949951876,0.0011934552454282963,0.005620789220404235,0.0007699711260827719
A3IC7ZQ257WUNV,0.0,0.00019418104145765236,0.0002589080552768698,6.472701381921745e-05,0.002459626525130263,0.0,9.709052072882618e-05,3.2363506909608725e-05,0.0011003592349266966,0.001553448331661219,0.0002589080552768698
A1CUK9RG3RW1DY,0.0008873114463176575,0.0033717834960070984,0.004525288376220053,0.0035048802129547473,0.005368234250221828,0.002484472049689441,0.002883762200532387,0.0024401064773735583,0.001419698314108252,0.004702750665483584,0.0011978704525288377
A3FEPWQ93EKNL0,0.0005560189046427579,0.001807061440088963,0.002363080344731721,0.0008340283569641367,0.009591326105087573,0.00013900472616068947,0.0008340283569641367,0.0008340283569641367,0.0004170141784820684,0.0037531276063386154,0.0005560189046427579
A2BCXZKY9Y7BF6,0.0,0.0008097165991902834,0.0008097165991902834,0.0,0.008906882591093117,0.0,0.0008097165991902834,0.0,0.0008097165991902834,0.0072874493927125505,0.0008097165991902834
AX29XXI8QOSC6,0.0025252525252525255,0.011363636363636364,0.0031565656565656565,0.004419191919191919,0.011994949494949494,0.001893939393939394,0.007575757575757576,0.001893939393939394,0.001893939393939394,0.01452020202020202,0.001893939393939394
A1NDM9R54FJMPW,0.0005134524543027316,0.0030293694803861164,0.0023105360443622922,0.0008215239268843705,0.00831792975970425,0.0006161429451632779,0.002259190798932019,0.0013349763811871022,0.0011809406448962825,0.0043643458615732185,0.0006161429451632779
A1S9N071I5RPE9,0.0012845215157353885,0.004816955684007707,0.00449582530507386,0.0009633911368015414,0.010276172125883108,0.0009633911368015414,0.0038535645472061657,0.0019267822736030828,0.0009633911368015414,0.00674373795761079,0.0006422607578676942
A20OJFEDEPK5SU,0.00449925012497917,0.009331778036993834,0.0047075487418763535,0.0024995834027662055,0.01878853524412598,0.0009581736377270455,0.0038743542742876187,0.002249625062489585,0.0038743542742876187,0.01003999333444426,0.0024995834027662055
A2SKQU23TNJKTB,0.0008791005413408597,0.0037477444130847174,0.0031925230185536483,0.001017905889973627,0.009253689908851155,0.0003701475963540462,0.0016656641835932078,0.0008328320917966039,0.0009253689908851155,0.004950724101235367,0.0009716374404293712
A3QEBRCOTOBU6V,0.0,0.0,0.0,0.0,0.0,0.0,0.0,0.0,0.0,0.0,0.0
AMHSZPFIQZKCP,0.0001479946721918011,0.0010359627053426078,0.0010359627053426078,0.0007399733609590055,0.003107888116027823,0.0002959893443836022,0.0019239307384934143,0.0,0.0,0.002959893443836022,0.0002959893443836022
A3T021IZ1409ZH,0.0,0.0,0.0,0.0,0.007874015748031496,0.0,0.0,0.007874015748031496,0.0,0.0,0.0
A2JPUXT8WS5YVX,0.0005874947545111204,0.005623164078892153,0.002853545950482585,0.001678556441460344,0.00629458665547629,0.0003357112882920688,0.0010071338648762064,0.0003357112882920688,0.000419639110365086,0.004616030214015947,0.0006714225765841376
A1XV3WQ8OY7VVW,0.002968337730870712,0.008575197889182058,0.004617414248021108,0.002638522427440633,0.015171503957783642,0.0009894459102902375,0.002968337730870712,0.0009894459102902375,0.002308707124010554,0.007585751978891821,0.002638522427440633
A1OBB3PWYWK9KK,0.002161383285302594,0.008645533141210375,0.00792507204610951,0.002881844380403458,0.007204610951008645,0.0036023054755043226,0.005763688760806916,0.0036023054755043226,0.001440922190201729,0.00792507204610951,0.001440922190201729
A1DF8MGECR4ZK8,0.0038684719535783366,0.007736943907156673,0.008381689232753063,0.0019342359767891683,0.0070921985815602835,0.0012894906511927789,0.003223726627981947,0.0006447453255963894,0.0019342359767891683,0.005802707930367505,0.0006447453255963894
AFWJT2RB6Y4SZ,0.00022825838849577722,0.0057064597123944304,0.00045651677699155445,0.002054325496461995,0.005249942935402876,0.00022825838849577722,0.00022825838849577722,0.0006847751654873316,0.00022825838849577722,0.0038803926044282126,0.0009130335539831089
AWJ4EHRKDZ53X,0.0,0.0,0.0,0.0,0.0,0.0,0.0,0.0,0.0,0.0,0.0
A31D4OCLMV4K5K,0.00018736416098328712,0.003559919058682455,0.0024357340927827326,0.0016113317844562692,0.006295435809038447,0.00018736416098328712,0.0011616577980963802,0.0004871468185565465,0.00041220115416323167,0.006370381473431762,0.00037472832196657423
A1I8KRIXSGZXX2,0.0,0.004132231404958678,0.0,0.0,0.004132231404958678,0.0,0.0,0.0,0.0,0.0,0.0
A2YKYAZYVWOXBO,0.0028169014084507044,0.013028169014084507,0.004577464788732394,0.004929577464788733,0.022535211267605635,0.002112676056338028,0.0028169014084507044,0.004577464788732394,0.00528169014084507,0.013028169014084507,0.0024647887323943664
ADNAVIZ9SABYS,0.0006940160394818014,0.004164096236890808,0.003932757557063541,0.0011566933991363356,0.00663170882171499,0.00015422578655151142,0.0020049352251696483,0.00038556446637877856,0.0004626773596545342,0.004935225169648365,7.711289327575571e-05
A12JZYXJMB6BG4,0.0,0.0,0.0,0.00847457627118644,0.0,0.0,0.0,0.0,0.0,0.0,0.0
A16LTU114BWG76,0.001522359657469077,0.002283539486203616,0.001522359657469077,0.000570884871550904,0.01027592768791627,0.00019029495718363463,0.0017126546146527116,0.00038058991436726926,0.0007611798287345385,0.003996194100856327,0.000570884871550904
A1RWXE4FE0N6SS,0.0,0.004310344827586207,0.0,0.0,0.008620689655172414,0.004310344827586207,0.0,0.004310344827586207,0.0,0.0,0.0
A2Z0K8BA0U0VI3,0.0,0.0,0.0,0.0,0.0,0.0,0.0,0.0,0.0,0.0,0.0
A1NM3VA211XXEN,0.0,0.0,0.0,0.0,0.0017391304347826088,0.0,0.0,0.0,0.0,0.0017391304347826088,0.0
ADR5NXD0FGONS,0.00041004613018964635,0.0011276268580215274,0.0007175807278318811,0.0006150691952844695,0.0023577652485904663,0.00030753459764223473,0.0006150691952844695,0.00030753459764223473,0.00041004613018964635,0.001230138390568939,0.00020502306509482317
A36PJP7KXXI184,0.0012339819648789748,0.004841006169909824,0.003939250118652112,0.0017560512577123872,0.009254864736592311,0.0008542952064546749,0.0016136687233032749,0.0015662078785002372,0.001044138585666825,0.005220692928334125,0.0009492168960607499
A34UFMGVNCFKVV,0.00048567265662943174,0.004371053909664886,0.0029140359397765905,0.0014570179698882952,0.007285089849441476,0.0,0.0029140359397765905,0.0009713453132588635,0.0,0.003885381253035454,0.0009713453132588635
A3M706WDRF9W4E,0.0,0.00012764871074802145,0.0002552974214960429,0.00012764871074802145,0.05220832269594077,0.0,0.0002552974214960429,0.00012764871074802145,0.02552974214960429,0.025912688281848353,0.00038294613224406433
A2N9Q1IHLP4LGI,0.0007883565797453002,0.0036992116434202546,0.002122498483929654,0.0015767131594906004,0.007459066100667071,0.0006670709520921771,0.0013947847180109157,0.00048514251061249243,0.000545785324439054,0.005761067313523348,0.00048514251061249243
A3DBG3IETULYCN,0.0,0.010582010582010581,0.005291005291005291,0.010582010582010581,0.0,0.0,0.0,0.0,0.0,0.005291005291005291,0.0
A2O5D7QT0XKCEG,0.0014243453489646105,0.006793031664292758,0.004565209451809649,0.002045213834410723,0.009422592308535116,0.0010591285928198385,0.0022278222124831088,0.002446952266169972,0.0022643438880975857,0.0061356415032321684,0.002118257185639677
A29GNU19VJN3Q6,0.00015989255220491829,0.002078603178663938,0.0004796776566147549,0.00131111892808033,0.0012471619071983628,0.001982667647340987,0.00044769914617377125,0.0005756131879377059,0.00012791404176393465,0.0009593553132295098,0.00044769914617377125
A1WJ1S1LXP47NH,0.0003034492059745777,0.0034728075794868336,0.0018544118142890858,0.0008429144610404936,0.005428369129100779,0.0003708823628578172,0.0005731818335075356,0.0005394652550659159,0.0002360160490913382,0.00394483967766951,0.0005057486766242962
A2RI0A23GBPJSD,0.0011976047904191617,0.0029940119760479044,0.0005988023952095808,0.0011976047904191617,0.004790419161676647,0.0011976047904191617,0.0011976047904191617,0.0017964071856287425,0.0005988023952095808,0.0017964071856287425,0.0005988023952095808
A3I5AH4959TUYF,0.0,0.0,0.0,0.0,0.0,0.0,0.0,0.0,0.0,0.0,0.0
A2S3SV1LQTKJ8K,0.0,0.0031925343811394892,0.0007367387033398821,0.0004911591355599214,0.007858546168958742,0.0,0.0002455795677799607,0.0,0.0002455795677799607,0.004666011787819254,0.0
A3CHEPE7BQHSY7,0.0,0.0037593984962406013,0.0,0.0,0.0037593984962406013,0.0,0.0,0.0,0.0,0.0037593984962406013,0.0
AL8XTNQ7MQH5F,0.0,0.0009433962264150943,0.0047169811320754715,0.0,0.009433962264150943,0.0009433962264150943,0.002830188679245283,0.0,0.0009433962264150943,0.0047169811320754715,0.0009433962264150943
A19H44LQJ0TEXF,9.441979038806533e-05,0.005051458785761496,0.004154470777074875,0.0010858275894627513,0.00882825040128411,0.0007553583231045227,0.00283259371164196,0.001557926541403078,0.0008969880086866207,0.009253139458030404,0.00070814842791049
A53LV70R73Q73,0.0,0.004424778761061947,0.008849557522123894,0.0,0.01327433628318584,0.0,0.0,0.0,0.0,0.004424778761061947,0.0
AHN0AVRM65XB0,0.001015697137580794,0.0025392428439519853,0.0034626038781163434,0.0023545706371191134,0.005170821791320407,0.0009233610341643582,0.0017543859649122807,0.0018467220683287165,0.0011542012927054479,0.005124653739612188,0.0008771929824561404
A5X1KZ9CCHREK,0.00046502358333886935,0.003587324785756992,0.002391549857171328,0.00099647910715472,0.007706105095329835,0.000597887464292832,0.0008636152262007573,0.0006643194047698133,0.000597887464292832,0.0034544609048030293,0.000597887464292832
AEDV0CBBPU0RE,0.0,0.0,0.005361930294906166,0.0,0.0,0.0,0.0,0.0,0.0,0.0,0.0
AZVI1B5Z5L56N,0.00017352073572791948,0.0017352073572791948,0.0017352073572791948,0.0005205622071837585,0.005032101336109665,0.00017352073572791948,0.0006940829429116779,0.00034704147145583897,0.00017352073572791948,0.00329689397883047,0.0005205622071837585
A1CPVTZAK27YSF,0.0,0.0,0.0,0.0,0.055161544523246654,0.0,0.0,0.0007880220646178094,0.026792750197005517,0.027580772261623327,0.0
A1HJAT4A0FVIOZ,0.0,0.0031733439111463705,0.0019833399444664813,0.00218167393891313,0.006941689805632686,0.0009916699722332407,0.0015866719555731853,0.0015866719555731853,0.0005950019833399445,0.004561681872272907,0.00019833399444664816
A14AKM0M9VIDCG,7.836069427575128e-05,0.0007836069427575128,0.0005485248599302589,0.00035262312424088076,0.0025467225639619166,7.836069427575128e-05,0.00023508208282725385,0.00011754104141362693,0.0003918034713787564,0.0009011479841711398,0.00011754104141362693
A3QUWIT972BYUH,0.0,0.002053388090349076,0.0,0.0,0.014373716632443531,0.0,0.01026694045174538,0.002053388090349076,0.002053388090349076,0.012320328542094456,0.0
A3I668PEONUFH0,0.0003667033370003667,0.0014668133480014668,0.0011001100110011,0.0003667033370003667,0.009534286762009535,0.0007334066740007334,0.0003667033370003667,0.0007334066740007334,0.0,0.0018335166850018336,0.0
A3JG44GC9BIM58,0.0,0.0,0.0,0.0,0.0028328611898017,0.0,0.0028328611898017,0.0,0.0,0.0,0.0
A1PZIN8H1VI6SY,0.0,0.0,0.0,0.0,0.0,0.0,0.0,0.0,0.0,0.0,0.0
A1B14CS9DW7008,3.395931673854722e-05,0.00027167453390837776,0.00023771521716983054,0.0,0.0014262913030189833,0.0,0.0004414711176011139,0.00010187795021564166,0.0006452270180323971,0.0005093897510782083,0.00023771521716983054
A2GFLJDDJ33MI4,0.0,0.0,0.0,0.0,0.0,0.0,0.0,0.0,0.0,0.0,0.0
ASWRCA8J5G771,0.0006733553296074338,0.003299441115076426,0.003366776648037169,0.0016160527910578412,0.010032994411150764,0.0010100329944111508,0.0024914147195475053,0.0012120395932933808,0.0022894081206652752,0.005588849235741701,0.0011447040603326376
A3IEFYBAJDK48K,0.00032896089477363376,0.0032073687240429293,0.0034129692832764505,0.002261606151568732,0.006455857559932563,0.0010280027961676057,0.0021382458160286197,0.0016859245857148732,0.0008224022369340845,0.006126896665158929,0.0006579217895472675
AJMWITY1XT7H7,0.00012923235978288964,0.005556991470664254,0.00286895838718015,0.008787800465236495,0.002145257172395968,0.006823468596536573,0.0016283277332644094,0.0018609459808736108,0.000361850607392091,0.0023261824760920135,0.001059705350219695
A2HC9549CZAKNN,0.0,0.0006335128286347799,0.004751346214760849,0.0006335128286347799,0.004117833386126069,0.0,0.0028508077288565093,0.0,0.0028508077288565093,0.004751346214760849,0.0006335128286347799
A8RDXT4ZILHQT,0.000881575080811049,0.0058771672054069935,0.0014692918013517484,0.0023508668821627977,0.012342051131354687,0.0014692918013517484,0.000881575080811049,0.0023508668821627977,0.0011754334410813989,0.00969732588892154,0.001763150161622098
ATADQXPHL10Y8,0.0004279382546232615,0.00409598043710836,0.0031178358551123336,0.0036680421824850985,0.005563197310102399,0.000672474400122268,0.0023230933822405626,0.001039278618370778,0.0010698456365581537,0.00761118752865658,0.001039278618370778
A28JBDTFGFJ5NR,0.0,0.0,0.0,0.0,0.0,0.0,0.0,0.0,0.0,0.0,0.0
A4T4577P6JL6R,0.00012067578439259856,0.0006033789219629927,0.0005631536604987933,0.0006033789219629927,0.0016090104585679806,0.00016090104585679806,0.0004827031375703942,0.00012067578439259856,8.045052292839903e-05,0.001246983105390185,8.045052292839903e-05
A272X64FOZFYLB,0.0,0.0,0.0,0.0,0.0,0.0,0.0,0.0,0.0,0.0,0.0
A2F0A4FIVT9M3O,0.0,0.0,0.0030257186081694403,0.0,0.012102874432677761,0.0,0.0015128593040847202,0.0,0.0,0.007564296520423601,0.0015128593040847202
A2BRZKFG6WAVER,0.0001011906769656289,0.00033730225655209634,0.00037103248220730597,0.00013492090262083852,0.0020575437649677877,6.746045131041926e-05,3.373022565520963e-05,0.0001011906769656289,3.373022565520963e-05,0.00033730225655209634,0.00023611157958646745
A203C9REA20IT3,0.00024244383384515922,0.0034750282851139487,0.00299014061742363,0.0007273315015354777,0.009940197187651528,0.0003232584451268789,0.0009697753353806369,0.00048488766769031843,0.00016162922256343946,0.00921286568611605,0.0007273315015354777
A38DXFI1TZA295,0.0001892720596585532,0.0013249044176098725,0.0023469735397660596,0.0005678161789756597,0.0034447514857856684,3.785441193171064e-05,0.000529961767043949,0.000416398531248817,0.0003028352954536851,0.0022334103039709278,0.0003785441193171064
A102VHF4S7WXQF,0.0012091898428053204,0.0036275695284159614,0.0048367593712212815,0.0036275695284159614,0.010882708585247884,0.0012091898428053204,0.0012091898428053204,0.0024183796856106408,0.0012091898428053204,0.006045949214026602,0.0
ATOV0H5KQHI29,0.0,0.0005666792595391009,6.29643621710112e-05,6.29643621710112e-05,0.000629643621710112,0.0,0.00018889308651303362,0.0002518574486840448,0.0,0.0005666792595391009,6.29643621710112e-05
A1VFRCYMWGWWCZ,0.0,0.0,0.0,0.03508771929824561,0.0,0.0,0.0,0.0,0.0,0.0,0.017543859649122806
AT7QJKGCPSO6J,0.0,0.015625,0.0,0.0,0.0,0.0,0.0,0.0,0.0,0.0,0.0
A3EHI7J2E5DSJK,0.0,0.001957481677061046,0.0010925479127782583,0.000500751126690035,0.002867938271042928,0.00013656848909728228,0.0005917967860882233,0.00027313697819456457,0.00022761414849547048,0.0026858469522465516,0.00022761414849547048
A1QJ2VPPZG16EG,0.0,0.0,0.0,0.0,0.0,0.0,0.0,0.0,0.0,0.0,0.0
A1DNJ17PE2RYJZ,0.0031729243786356425,0.004759386567953464,0.004230565838180857,0.0037017451084082496,0.007403490216816499,0.0015864621893178213,0.0026441036488630354,0.0037017451084082496,0.0021152829190904283,0.007932310946589107,0.0
A2VX8B1CJXRN2,0.0,0.002926829268292683,0.0,0.0,0.009268292682926829,0.0,0.0004878048780487805,0.0,0.0004878048780487805,0.0,0.0004878048780487805
A2FIMENJ9UMN7M,0.0,0.0,0.0009380863039399625,0.0,0.0009380863039399625,0.0,0.0,0.0,0.0,0.00046904315196998124,0.0
A12WRJ2ZMDW3SU,0.0018689611397136611,0.003173707595740179,0.0015515903801396431,0.0018336977219832146,0.005077932153184287,0.0006347415191480358,0.001939487975174554,0.0020452782283658932,0.002115805063826786,0.005289512659566965,0.0018689611397136611
A2H5UA2MUBT4QX,0.0,0.0,0.0,0.0,0.0,0.0,0.0,0.05,0.0,0.0,0.0
A3862RIFFUV141,0.0006922067072443012,0.006325337152404822,0.00513187731232844,0.0061582527747941285,0.0061582527747941285,0.003031387993794009,0.003556510323427617,0.0038429406850459483,0.0018379281537176273,0.007136889843656761,0.0014560210048931853
A32U64W0S9PUA3,0.0002948765204570586,0.002727607814227792,0.0032436417250276445,0.0008109104312569111,0.006266126059712496,0.00022115739034279396,0.0007371913011426465,0.0001474382602285293,0.0008109104312569111,0.005307777368227055,7.371913011426465e-05
AQBMXL3D39ZC0,0.000460431654676259,0.003510791366906475,0.001841726618705036,0.0010359712230215827,0.006733812949640288,0.0008057553956834532,0.0010359712230215827,0.0016115107913669065,0.0007482014388489208,0.005352517985611511,0.0010359712230215827
A3VY42IIJXD3IC,0.0,0.0024405125076266015,0.004270896888346553,0.0012202562538133007,0.010982306284319707,0.0,0.0006101281269066504,0.0,0.0,0.005491153142159854,0.0
A2YFTTVAH9AFXU,0.0002238513626951704,0.0036935474844703117,0.002518327830320667,0.001566959538866193,0.0068274665622026975,0.0005036655660641334,0.0007834797694330965,0.0012871453354972298,0.00039173988471654823,0.006995355084224076,0.0009513682914544742
AE87K978IXPYP,0.0,0.0,0.0,0.0,0.0,0.0,0.0,0.0,0.0,0.0,0.0
A2E3UTEZNB9BN9,0.0,0.0038461538461538464,0.0,0.0038461538461538464,0.015384615384615385,0.0,0.0,0.0038461538461538464,0.0,0.0,0.0
A27GK6AHDNFW5Y,0.0,0.0,0.0,0.0,0.04838709677419355,0.0,0.0,0.0,0.0,0.0,0.0
AA6K05EFNJ3T0,0.0010245901639344263,0.005495529061102832,0.006240685543964232,0.0029806259314456036,0.008103576751117735,0.0013971684053651267,0.0023286140089418777,0.00419150521609538,0.0012108792846497764,0.005402384500745157,0.0026080476900149033
AO33H4GL9KZX9,0.0,0.0,0.0,0.0,0.0,0.0,0.0,0.0,0.0,0.0,0.0
AUHRS2GFPRADF,0.0,0.0,0.00039952057530962844,0.00039952057530962844,0.0023971234518577705,0.00019976028765481422,0.0007990411506192569,0.0007990411506192569,0.0005992808629644426,0.000998801438274071,0.0
A3B919K25SR35,0.0,0.0018214936247723133,0.0,0.0018214936247723133,0.01639344262295082,0.0,0.0018214936247723133,0.0,0.0036429872495446266,0.0018214936247723133,0.0
AKX5RHHO8BIUX,0.0,0.006756756756756757,0.006756756756756757,0.0,0.010135135135135136,0.0,0.0,0.0,0.0,0.0033783783783783786,0.0
A1PIGZNLSQMGNW,5.583784689262382e-05,0.0002791892344631191,0.00044670277514099056,0.00022335138757049528,0.00044670277514099056,0.0,0.00022335138757049528,0.00016751354067787147,5.583784689262382e-05,0.0005583784689262382,5.583784689262382e-05
A3HSONMX6LNZR4,0.0007436627004655975,0.003685980341438179,0.005431971029487843,0.006240300051733058,0.006240300051733058,0.004946973616140714,0.0044943093636833934,0.0039123124676668395,0.0013903259182617693,0.006337299534402483,0.0016813243662700465
A6N190372TE5T,0.0,0.002960331557134399,0.0041444641799881585,0.0005920663114268798,0.006512729425695678,0.0,0.0011841326228537595,0.0017761989342806395,0.0005920663114268798,0.002368265245707519,0.0011841326228537595
ACRTRQ23XH20E,0.002188183807439825,0.0,0.00437636761487965,0.0,0.005470459518599562,0.0,0.00437636761487965,0.0,0.00437636761487965,0.006564551422319475,0.0
A4CPMNA135GK4,0.0004987033712347895,0.004089367644125274,0.002593257530420906,0.0023937761819269898,0.006582884500299222,0.00039896269698783165,0.001994813484939158,0.001097147416716537,0.000997406742469579,0.0047875523638539795,0.001097147416716537
ACGZDI611LU0I,0.0,0.0,0.0,0.0,0.0,0.0,0.0,0.0,0.0,0.0,0.0
A3J2JDTVK5TN5S,0.0008401792382374906,0.0038741598207617627,0.00340739357729649,0.0014936519790888724,0.011109036594473487,0.0008401792382374906,0.0011202389843166542,0.0008401792382374906,0.0007468259895444362,0.005087752053771471,0.0009335324869305452
A23IRWAODQDAA7,0.0,0.00046040515653775324,0.00046040515653775324,0.0,0.00046040515653775324,0.0,0.00046040515653775324,0.0,0.0,0.00046040515653775324,0.00046040515653775324
A1S315FYTGY9GL,0.0,0.0,0.0,0.0,0.011494252873563218,0.011494252873563218,0.0,0.005747126436781609,0.0,0.011494252873563218,0.017241379310344827
A3BL2ZEODD79AZ,0.0,0.0,0.0,0.0,0.0,0.0,0.04,0.0,0.0,0.04,0.0
A28F1ZWZ9H0RHA,0.00026813759289052324,0.0019918792614724585,0.0027196812993181643,0.0011874664828008888,0.005554278709875124,0.0008427181490845017,0.0019918792614724585,0.0011491611123879567,0.0004979698153681146,0.005937332414004444,0.000344748333716387
A2NYDCQ3Y6QS4Q,0.0,0.0,0.0017152658662092624,0.0,0.003430531732418525,0.0017152658662092624,0.0,0.0017152658662092624,0.0,0.0017152658662092624,0.0
A3GAQNTZ1V1VO,0.0,0.003968253968253968,0.0,0.001984126984126984,0.0,0.0,0.0,0.0,0.001984126984126984,0.0,0.001984126984126984
AUFUUD4WG9CVO,0.0008561643835616438,0.004280821917808219,0.003638698630136986,0.0019263698630136985,0.011344178082191781,0.0010702054794520547,0.0014982876712328766,0.0006421232876712328,0.0014982876712328766,0.007705479452054794,0.0
A17485GZMUEVZ9,0.0,0.0,0.0,0.0,0.0,0.0,0.0,0.0,0.0,0.0,0.0
A1KCC93NOV6TH2,0.0,0.0,0.0,0.0,0.0,0.0,0.0,0.0,0.0,0.0,0.0
A3RS7UCO7CQ74R,0.0,0.0,0.0,0.0,0.0,0.0,0.0,0.0,0.0,0.0,0.0
A3774HPOUKYTX7,0.0008983717012914093,0.003537338573834924,0.0049691184727681074,0.005586749017405952,0.006316676024705222,0.003425042111173498,0.004211117349803481,0.0030320044918585067,0.0012633352049410444,0.005558674901740595,0.0007018528916339135
A1AZLJ3R5FQ9B7,0.0006393861892583121,0.0006393861892583121,0.0012787723785166241,0.0,0.005754475703324808,0.0,0.0,0.0,0.0,0.0012787723785166241,0.0
A3RFELKHWTBCB4,0.0005494505494505495,0.003785103785103785,0.004517704517704518,0.0027472527472527475,0.007509157509157509,0.0009157509157509158,0.002442002442002442,0.0015873015873015873,0.0008547008547008547,0.008241758241758242,0.0008547008547008547
AQH9FEEROUJUO,0.0022727272727272726,0.004166666666666667,0.0026515151515151517,0.0011363636363636363,0.009848484848484848,0.0003787878787878788,0.0015151515151515152,0.0015151515151515152,0.0015151515151515152,0.004924242424242424,0.0007575757575757576
A1G7T6PC3KNH4M,0.0004162330905306972,0.00437044745057232,0.0037460978147762745,0.0016649323621227888,0.006867845993756503,0.0002081165452653486,0.002705515088449532,0.0012486992715920915,0.0008324661810613944,0.006867845993756503,0.0004162330905306972
A8YVGN8FQ3VH4,0.0004970178926441351,0.0014910536779324055,0.002982107355864811,0.0,0.008449304174950299,0.0,0.0034791252485089465,0.0,0.0009940357852882703,0.008449304174950299,0.0004970178926441351
A1M8GE34UYSUCB,0.0,0.00980392156862745,0.0,0.0,0.00980392156862745,0.0,0.0,0.0,0.004901960784313725,0.004901960784313725,0.0
A1CW0W7Q2NLDDJ,0.0,0.0,0.0,0.0,0.0,0.0,0.0,0.0,0.0,0.0,0.0
AHEEMGVMGEMEQ,0.0,0.01020408163265306,0.0,0.0,0.0,0.0,0.0,0.0,0.0,0.0,0.0
A3IU2E7QCWYEZI,0.0,0.0,0.0,0.0,0.014423076923076924,0.0,0.0,0.0,0.0,0.004807692307692308,0.004807692307692308
A2HSCKH5NKN5LP,0.0,0.0035087719298245615,0.0035087719298245615,0.0035087719298245615,0.010526315789473684,0.0,0.0035087719298245615,0.0,0.0035087719298245615,0.007017543859649123,0.0
A222R4PNCF08OF,0.0,0.0,0.004052684903748734,0.0,0.0070921985815602835,0.0,0.004052684903748734,0.0,0.0010131712259371835,0.0070921985815602835,0.0
A3V0DBGRRC1B67,0.0,0.004481792717086834,0.0056022408963585435,0.0005602240896358543,0.004481792717086834,0.002240896358543417,0.0067226890756302525,0.0033613445378151263,0.002240896358543417,0.008963585434173669,0.0028011204481792717
A1XJKGLSPFWRBT,0.00014501160092807424,0.004060324825986079,0.002900232018561485,0.0017401392111368909,0.006235498839907192,0.0008700696055684454,0.001160092807424594,0.000580046403712297,0.00014501160092807424,0.0063805104408352666,0.0004350348027842227
A2WYCY1FMQOD5F,0.0003111629716063788,0.008945935433683392,0.0014391287436795021,0.0018280824581874758,0.007545702061454687,0.0004667444574095683,0.0010112796577207313,0.0013613380007779074,0.0008945935433683392,0.005095293660054454,0.0009723842862699338
A1YKFB1EKM08EV,0.0,0.0,0.0,0.0,0.0,0.0,0.0,0.0,0.0,0.0,0.0
A2S96ZZ70YFPSK,0.0,0.0,0.01020408163265306,0.0,0.01020408163265306,0.0,0.0,0.0,0.0,0.0,0.0
A2ETY1O927Z1IF,0.0,0.00018450184501845018,0.0007380073800738007,0.0,0.001107011070110701,0.0,0.0,0.0,0.0,0.00036900369003690036,0.0
ANWY0TG55MWW9,0.0012553351744915891,0.003263871453678132,0.0035149384885764497,0.0010042681395932714,0.02334923424554356,0.00025106703489831785,0.002008536279186543,0.0012553351744915891,0.0007532011046949536,0.009038413256339443,0.0005021340697966357
ACSZKZPBGYYKO,0.0002682197869568549,0.0038317112422407845,0.002720514981990957,0.0009579278105601961,0.007241934247835083,0.0006130737987585256,0.0006513909111809334,0.000498122461491302,0.00042148823664648634,0.005096175952180244,0.0003831711242240785
A4YG74WC1EK5V,0.00044081992506061276,0.002534714569098523,0.002975534494159136,0.001487767247079568,0.008155168613621335,0.0004959224156931894,0.001102049812651532,0.0008816398501212255,0.00044081992506061276,0.006942913819704651,0.000275512453162883
A1FD2PO9OQ2LY8,0.0006561679790026247,0.005249343832020997,0.0032808398950131233,0.0,0.005249343832020997,0.0006561679790026247,0.0,0.0,0.0,0.001968503937007874,0.0
A1BRPPNBN3LKU5,0.0004015347550637994,0.00236459355759793,0.00223074863924333,0.0007138395645578656,0.006335326135451057,0.0006246096189881324,0.0016507539930400643,0.0010261443740519319,0.0008476844829124655,0.0037476577139287947,0.0002676898367091996
A1U3TT3VMH9FU9,0.003041144901610018,0.007155635062611807,0.004472271914132379,0.001967799642218247,0.014490161001788909,0.0008944543828264759,0.002146690518783542,0.0017889087656529517,0.0032200357781753132,0.005008944543828265,0.0017889087656529517
A3CA7SCTM4H9IO,0.0,0.003054989816700611,0.0015274949083503055,0.0010183299389002036,0.006109979633401222,0.0,0.0010183299389002036,0.0,0.0,0.003564154786150713,0.0
AKN67C89B5QW5,0.00016007043098963545,0.004521989675457201,0.0024010564648445317,0.0017607747408859898,0.006522870062827644,0.00044019368522149745,0.0011204930169274481,0.0009204049781904038,0.0006802993317059507,0.004762095321941654,0.0004001760774740886
ACN0C9HPYDTED,0.0037002775208140612,0.005550416281221091,0.011100832562442183,0.009250693802035153,0.009250693802035153,0.004625346901017576,0.0064754856614246065,0.0064754856614246065,0.0074005550416281225,0.009250693802035153,0.0009250693802035153
AXY0D2AMLKE2A,0.00045657930782576936,0.004931056524518309,0.0025568441238243084,0.002191580677563693,0.0070313213405168475,0.0005478951693909232,0.0009131586156515387,0.0015523696466076158,0.0002739475846954616,0.005022372386083463,0.00045657930782576936
A2DKE3NCEA5W79,0.00013245033112582781,0.002913907284768212,0.0033112582781456954,0.0010596026490066225,0.004635761589403974,0.00013245033112582781,0.0010596026490066225,0.0005298013245033113,0.0007947019867549669,0.005033112582781457,0.00039735099337748344
A38N2MBXP7IOPS,0.0006752411575562701,0.006109324758842444,0.0030868167202572345,0.004308681672025723,0.006173633440514469,0.0013504823151125403,0.0029581993569131834,0.0021543408360128616,0.0012540192926045017,0.0071704180064308684,0.0016398713826366559
A3H5HW66S1BKID,0.0001784121320249777,0.0020220041629497474,0.0010704727921498661,0.0010110020814748737,0.022360987213797204,0.00047576568539994053,0.0012488849241748439,0.0010110020814748737,0.0008920606601248885,0.0037466547725245316,0.0005947071067499256
A3JPYCC2U4D9CZ,0.0,0.0,0.0018365472910927456,0.0,0.006427915518824609,0.0,0.0,0.0,0.0,0.0027548209366391185,0.0
A5OBJUPZLVOKG,0.0012550988390335738,0.007373705679322246,0.004235958581738312,0.0026670850329463445,0.01004079071226859,0.0006275494195167869,0.0014119861939127707,0.0018826482585503608,0.0009413241292751804,0.009570128647631002,0.0010982114841543772
A318574M8Q965P,0.0,0.0,0.0,0.0,0.0,0.0,0.0,0.0,0.0,0.0,0.0
ADA69G66J3524,0.0006925945657964837,0.0035162493340436867,0.002131060202450719,0.0017581246670218434,0.008524240809802876,0.0009589770911028237,0.0014384656366542355,0.0011188066062866276,0.0010122535961640917,0.004421949920085242,0.0011188066062866276
A1T9XW8SNUDDY7,0.0012520593080724877,0.003690280065897858,0.002240527182866557,0.0007907742998352553,0.015551894563426689,0.0007907742998352553,0.0017792421746293246,0.00039538714991762766,0.0005930807248764415,0.004810543657331137,0.00039538714991762766
A1RAMKQ7DTZSY9,0.0,0.0,0.0,0.0,0.0,0.0,0.0,0.0,0.0,0.0,0.0
A1SOQ9Q35SASE4,0.0,0.023622047244094488,0.007874015748031496,0.0,0.007874015748031496,0.0,0.0,0.0,0.007874015748031496,0.0,0.0
A17K1CHOI773VZ,0.001056338028169014,0.004225352112676056,0.0035211267605633804,0.007394366197183098,0.005985915492957746,0.0024647887323943664,0.0017605633802816902,0.0017605633802816902,0.0,0.007746478873239437,0.001056338028169014
A3HZIPKSCYU7ZI,0.0017730496453900709,0.0035460992907801418,0.005319148936170213,0.0017730496453900709,0.01773049645390071,0.0,0.0017730496453900709,0.0,0.0035460992907801418,0.005319148936170213,0.0
A20MO1430Z8C18,0.00022372079644603535,0.00620026207293298,0.005784780593818914,0.0035475726293585606,0.005561059797372879,0.0009268432995621465,0.0036434529706925755,0.001342324778676212,0.0009588034133401515,0.007830227875611237,0.0014062450062322222
AOTIV8H84F69E,0.0004919719128762467,0.003577977548190885,0.00818462364148665,0.002683483161143164,0.006172011270629277,0.0009839438257524934,0.0037121517062480435,0.0023704101256764613,0.0024598595643812336,0.009034393309181986,0.0018337134934478287
A1PNQWE4UAI1P2,0.0003506311360448808,0.002805049088359046,0.0035063113604488078,0.001402524544179523,0.005960729312762973,0.0007012622720897616,0.001402524544179523,0.0017531556802244039,0.0,0.002805049088359046,0.0003506311360448808
A1IIDR9HLUB1MR,0.0,0.0,0.0,0.0,0.0,0.0,0.001440922190201729,0.0,0.0,0.001440922190201729,0.0
A5DC16SOZSECI,0.000714597641827782,0.002858390567311128,0.0025407916153876694,0.0015085950216364287,0.0051609829687562035,0.00031759895192345867,0.0009924967247608083,0.0006748977728373496,0.000595498034856485,0.0035332883401484774,0.0005557981658660526
A27O2IILV3S5YS,0.0006364472102397285,0.004136906866558235,0.0032175942295452936,0.004172265044904887,0.005763383070504208,0.002616505197652217,0.0033943851212785516,0.0031468778728519905,0.0013082525988261085,0.00537444310869104,0.0008132381019729864
A2BA753YMXLDAP,0.0,0.013605442176870748,0.003401360544217687,0.01020408163265306,0.017006802721088437,0.003401360544217687,0.003401360544217687,0.01020408163265306,0.0,0.013605442176870748,0.0
AJZT40UH0HWQ3,0.0,0.0,0.0,0.0,0.0,0.0,0.0,0.0,0.0,0.0,0.0
A1CSHXVJJ8BPHH,0.0007520210565895845,0.003149088174468885,0.0028200789622109417,0.0025850723820266966,0.005546155292348186,0.0006110171084790374,0.0012690355329949238,0.0011280315848843769,0.0008460236886632825,0.004418123707463809,0.0009400263207369807
A3CXK1KSRGU27V,0.0,0.0,0.0,0.0,0.0,0.0,0.0,0.0,0.0,0.0,0.0
8298177,0.0,0.0,0.0,0.0,0.0,0.0,0.0,0.0,0.0,0.0,0.0
A17SHUZEBPYOO2,0.0,0.0,0.0,0.0,0.0,0.0,0.0,0.0,0.0,0.0,0.0
A2WKEUKBXD5EMV,0.0,0.0014705882352941176,0.0,0.0,0.0029411764705882353,0.0,0.0,0.0,0.0,0.0029411764705882353,0.0
A1YZJTC04W0A01,0.0011570726063060456,0.00202487706103558,0.004917558576800694,0.0014463407578825572,0.0069424356378362745,0.0,0.0014463407578825572,0.0005785363031530228,0.0005785363031530228,0.005206826728377205,0.0002892681515765114
A1XBAS3AXLFB5F,0.001080003323087148,0.006230788402425854,0.00423693611364958,0.0024923153609703414,0.010966187588269503,0.000664617429592091,0.001329234859184182,0.0011630805017861594,0.0009969261443881366,0.006313865581124865,0.0008307717869901138
A2KPT0PEUEXCC4,0.00037835792659856227,0.00037835792659856227,0.00037835792659856227,0.00037835792659856227,0.0011350737797956867,0.00037835792659856227,0.0,0.00037835792659856227,0.0,0.0011350737797956867,0.0
AF6SPK6UEL3,0.0006868131868131869,0.0026785714285714286,0.0040521978021978025,0.002129120879120879,0.009684065934065934,0.0002747252747252747,0.0019917582417582416,0.002197802197802198,0.0013736263736263737,0.005013736263736264,0.0011675824175824176
A2VLTSW6CXIUMR,0.0007016312927556569,0.0029819329942115417,0.004385195579722855,0.003858972110156113,0.00789335204350114,0.0019294860550780565,0.0029819329942115417,0.0036835642869671986,0.001578670408700228,0.006139273811611998,0.0008770391159445711
A3APKUC67F9IMW,0.0,0.0,0.0,0.0,0.0,0.0,0.0,0.0,0.0,0.0,0.0
A22QD6M0A2C77C,0.0,0.0,0.006666666666666667,0.013333333333333334,0.0,0.0,0.0,0.0,0.0,0.0,0.0
AEF74ZYJTTEIA,0.0,0.015037593984962405,0.0037593984962406013,0.0,0.007518796992481203,0.0,0.0,0.0,0.0,0.0037593984962406013,0.0
A610SH5RY1NG1,0.0006345177664974619,0.005710659898477157,0.0038071065989847717,0.006345177664974619,0.0019035532994923859,0.0006345177664974619,0.0038071065989847717,0.0031725888324873096,0.0031725888324873096,0.00951776649746193,0.004441624365482234
A3VKJDDU7MMUVD,0.0009274287039183863,0.004405286343612335,0.005564572223510317,0.0018548574078367725,0.010665430095061441,0.0,0.002318571759795966,0.001159285879897983,0.0018548574078367725,0.00741942963134709,0.0004637143519591931
AMTTB8JUWRRM7,0.0,0.0,0.0,0.0,0.0,0.0,0.0,0.0,0.0,0.0,0.02040816326530612
A147B5FTAKXVPS,0.0,0.0,0.0,0.0,0.0,0.0,0.0,0.0,0.0,0.0,0.0
A28SVE690PQ5P7,0.0,0.0,0.0,0.0,5.19588485919152e-05,0.0,0.0,0.0,0.0,5.19588485919152e-05,0.0
A1PYK3QS7O93XA,0.0,0.0,0.0,0.0,0.0,0.0,0.0,0.0,0.0,0.0,0.0
A2CF2BD4Q0ZDJN,0.0020297699594046007,0.008457374830852503,0.005412719891745603,0.010148849797023005,0.0064276048714479025,0.0020297699594046007,0.0037212449255751017,0.003044654939106901,0.0010148849797023004,0.006765899864682003,0.0006765899864682003
AW2XWG1NUYMR5,0.00035048366746109633,0.0029090144399270992,0.0024183373054815645,0.003014159540165428,0.00287396607318099,0.001962708537782139,0.0011916444693677274,0.0017874667040515913,0.0007009673349221927,0.0011916444693677274,0.0009112575353988504
A1H1754EC3SL2L,0.0,0.0,0.0,0.003401360544217687,0.006802721088435374,0.0,0.0,0.0,0.0,0.0,0.0
A1SGIACNC9DUV3,0.0003883495145631068,0.0048543689320388345,0.004660194174757282,0.0033009708737864077,0.009320388349514564,0.0007766990291262136,0.0031067961165048546,0.0021359223300970874,0.002330097087378641,0.007961165048543689,0.0011650485436893205
A1ZTSCPETU3UJW,0.0,0.0,0.0,0.0,0.0,0.0,0.0,0.0,0.0,0.0,0.0
A2JMPB5BLPWK1Q,0.00017452006980802793,0.002268760907504363,0.0019197207678883072,0.0008726003490401396,0.004363001745200698,0.00017452006980802793,0.0006980802792321117,0.0005235602094240838,0.0008726003490401396,0.0031413612565445027,0.0
A1NIKHUA79SWGD,8.736676568233443e-05,0.0058535733007164074,0.002184169142058361,0.002009435610693692,0.00690197448890442,0.0005242005940940067,0.001397868250917351,0.0008736676568233444,0.00034946706272933774,0.006814607723222087,0.0006989341254586755
ARDIIRIEIK16Z,0.0001508978421608571,0.0010562848951259998,0.0021125697902519996,0.0001508978421608571,0.005885015844273427,0.0,0.0006035913686434284,0.0,0.0004526935264825713,0.002716161158895428,0.0007544892108042855
A2539PUSDD137T,0.00019065776930409913,0.008334468201007762,0.0036497344409641835,0.0023968405283943893,0.005665259430750374,0.0004630260111670979,0.0017431567479231922,0.0009805256707067955,0.00032684189023559853,0.007571837123791366,0.0005992101320985973
A1C3JZP9IXG52Q,0.0,0.0,0.0,0.0,0.02702702702702703,0.0,0.0,0.0,0.0,0.013513513513513514,0.0
A1Y6VW621TEYXN,0.0,0.003468208092485549,0.013872832369942197,0.008092485549132947,0.004624277456647399,0.0011560693641618498,0.005780346820809248,0.004624277456647399,0.0011560693641618498,0.0023121387283236996,0.0023121387283236996
A12I4JOVZ1HZW8,0.0,0.0,0.0,0.0,0.0,0.0,0.0,0.0,0.0,0.0,0.0
A3BJ0H1UZ7YQL0,0.0,0.0,0.0003720238095238095,0.0,0.0,0.0,0.0,0.0,0.0,0.0,0.0003720238095238095
A1AZTE5W2MF1TU,0.0006778129236330773,0.00045187528242205153,0.0018075011296882061,0.00022593764121102577,0.0027112516945323093,0.0011296882060551287,0.0018075011296882061,0.0006778129236330773,0.00022593764121102577,0.00045187528242205153,0.0011296882060551287
A25K2YA4BZW2K7,0.0008699975142928163,0.004101416853094705,0.004598558289833458,0.004225702212279393,0.006214267959234402,0.002858563261247825,0.002858563261247825,0.002982848620432513,0.0011185682326621924,0.004722843649018146,0.0016157096694009445
A2M4QB5T835AW1,0.00034281796366129587,0.002571134727459719,0.002742543709290367,0.0008570449091532396,0.006684950291395269,0.00034281796366129587,0.0013712718546451835,0.0015426808364758314,0.0008570449091532396,0.0034281796366129585,0.0013712718546451835
A1MM8TSLCHVMNK,0.0,0.0,0.0,0.001841620626151013,0.001841620626151013,0.0,0.0,0.0,0.0,0.0,0.0
A36K4ELT4YH00L,0.00013189132155104195,0.0011870218939593776,0.0018464785017145871,0.0009232392508572936,0.0030335003956739647,0.0003956739646531258,0.0013189132155104195,0.0006594566077552098,0.0007913479293062516,0.001978369823265629,0.0002637826431020839
A28KV1QXL1AV4X,0.0,0.0029940119760479044,0.0029940119760479044,0.0,0.005988023952095809,0.0,0.0,0.0,0.0,0.008982035928143712,0.0
A1941R1INABJ86,0.0,0.0,0.0,0.0015432098765432098,0.0,0.0,0.0,0.0015432098765432098,0.0,0.0,0.0
A1WCAVFOV1Y54N,0.0,0.00398406374501992,0.02390438247011952,0.0,0.01593625498007968,0.0,0.01195219123505976,0.01195219123505976,0.0,0.00398406374501992,0.0
A20HZD952T4B2O,0.0,0.0,0.0,0.0,0.017241379310344827,0.0,0.017241379310344827,0.0,0.0,0.034482758620689655,0.0
A2TCZ9IUCUN3KC,0.0037243947858473,0.0,0.00186219739292365,0.00186219739292365,0.0148975791433892,0.0,0.0,0.0,0.00186219739292365,0.00186219739292365,0.0
A18WPTVQPM9LBH,0.0,0.004986149584487534,0.006648199445983379,0.00443213296398892,0.008310249307479225,0.000554016620498615,0.002770083102493075,0.006648199445983379,0.0016620498614958448,0.006648199445983379,0.002770083102493075
A1KOHXO0BIQB8T,0.0,0.006289308176100629,0.012578616352201259,0.0,0.006289308176100629,0.006289308176100629,0.0,0.0,0.006289308176100629,0.0,0.006289308176100629
A12NNJKHIZP1TY,0.0,0.0,0.0,0.0035842293906810036,0.0,0.0,0.0,0.0,0.0,0.0,0.0
A341XKSRZ58FJK,0.0,0.0,0.0,0.0,0.0,0.0,0.0,0.0,0.0,0.0,0.0
A2XMYHTHDZEM4U,0.0010449320794148381,0.002786485545106235,0.003134796238244514,0.0013932427725531174,0.011494252873563218,0.0,0.0017415534656913968,0.00034831069313827936,0.00034831069313827936,0.00522466039707419,0.0
A3GQ6KDIZWCMW6,0.00033647375504710633,0.002187079407806191,0.004205921938088829,0.0011776581426648722,0.00639300134589502,0.001009421265141319,0.0011776581426648722,0.0013458950201884253,0.00033647375504710633,0.004878869448183042,0.0011776581426648722
A29LUD4L39VAQ3,0.00034510525710341653,0.00500402622799954,0.0029333946853790406,0.001783043828367652,0.008512596341884275,0.0004601403428045554,0.0011503508570113886,0.0007477280570574026,0.00040262279995398597,0.006154377085010928,0.00028758771425284714
A1R37XA9QPSIAN,0.0,0.0026791694574681848,0.0020093770931011385,0.007367716008037508,0.0026791694574681848,0.0006697923643670462,0.0006697923643670462,0.0013395847287340924,0.0006697923643670462,0.0026791694574681848,0.0006697923643670462
A194E79BDFEZIU,0.0,0.005447470817120622,0.0015564202334630351,0.004669260700389105,0.007003891050583658,0.0007782101167315176,0.0015564202334630351,0.0007782101167315176,0.0,0.00933852140077821,0.0
AIKWZBRRTEW6Z,0.0,0.001314060446780552,0.0,0.0,0.013140604467805518,0.0,0.0,0.0,0.001314060446780552,0.002628120893561104,0.002628120893561104
A3TW179Z0GG8JG,0.0007285193914720377,0.0023998285836725947,0.004113991857724448,0.002785515320334262,0.008485108206556674,0.0009856438825798157,0.002785515320334262,0.0018855796014570388,0.0012856224555388902,0.005785301049925006,0.0007713734733233341
A39C210BKD7YNN,0.00045609340792994403,0.002858185356360983,0.003952809535392849,0.006963026027730479,0.004864996351252737,0.0023108732668450497,0.0032534663099002678,0.00228046703964972,0.0011250304062271953,0.005260277304792021,0.001003405497445877
AECBS7PZMFA8H,0.0,0.0023346303501945525,0.0038910505836575876,0.0,0.005447470817120622,0.0,0.0007782101167315176,0.0007782101167315176,0.0,0.0015564202334630351,0.0007782101167315176
ADFAALOBP5BIJ,0.0,0.0,0.006993006993006993,0.0,0.0,0.0,0.0,0.0,0.0,0.0,0.0
A18ILYDB04VEE9,0.0007437457741717377,0.005273833671399594,0.0021636240703177823,0.0012846517917511832,0.011156186612576065,0.0001352265043948614,0.0010818120351588911,0.0016903313049357674,0.00040567951318458417,0.006490872210953347,0.00020283975659229209
A3ID5G33X4OHFR,0.0013966480446927375,0.00782122905027933,0.0036312849162011174,0.0025139664804469273,0.006983240223463687,0.0005586592178770949,0.0016759776536312849,0.0022346368715083797,0.0,0.003910614525139665,0.0019553072625698325
A2MU2U2QYKHLOG,0.0004324137334601747,0.002118827293954856,0.0031566202542592753,0.0010810343336504367,0.009210412522701722,0.00030268961342212226,0.0015999308138026464,0.0004324137334601747,0.0003891723601141572,0.007783447202283145,0.00030268961342212226
A2JHF7CU91EVXW,0.00033537352226041756,0.0024733797266705796,0.002850674939213549,0.001089963947346357,0.005449819736731785,0.00033537352226041756,0.0020122411335625054,0.0005449819736731785,0.0008384338056510439,0.0055336631172968895,0.00037729521254296975
A3B2RWV5LWCE8U,0.0,0.0,0.0,0.0,0.0020964360587002098,0.0,0.0,0.0,0.0,0.0,0.0
AIZ2WT5GUCS0E,0.0007178750897343862,0.0021536252692031586,0.003015075376884422,0.0014357501794687725,0.007178750897343862,0.0010050251256281408,0.0012921751615218953,0.001148600143575018,0.000574300071787509,0.00416367552045944,0.0007178750897343862
AX72PZ2TQ1J3I,0.0,0.0017554787926836175,0.0014723370519281952,0.0008494252222662665,0.005379693074353021,0.0005096551333597599,0.0005662834815108443,0.0008494252222662665,0.00022651339260433773,0.002831417407554222,0.0003397700889065066
A1VDJ5IGNKQBLU,0.00023952095808383233,0.002874251497005988,0.0016766467065868263,0.0023952095808383233,0.010778443113772455,0.00023952095808383233,0.0016766467065868263,0.000718562874251497,0.0009580838323353293,0.005988023952095809,0.000718562874251497
A3E1403CWJPCIU,0.0002998650607226748,0.002748763056624519,0.003248538157828977,0.0011994602428906992,0.005147683542405917,0.0009495726922884702,0.0006996851416862412,0.0015493028137338197,0.0009495726922884702,0.0036483582387925434,0.0011994602428906992
A3CMWYLWMENHLZ,0.0011058451816745656,0.002369668246445498,0.004107424960505529,0.0011058451816745656,0.008056872037914692,0.000631911532385466,0.002527646129541864,0.0011058451816745656,0.001579778830963665,0.005213270142180095,0.0009478672985781991
A32QYANWMXW8EL,0.0,0.00027766208524226016,0.0013420334120042574,0.00023138507103521682,0.0026377898098014717,0.0,0.00013883104262113008,0.00018510805682817345,0.00013883104262113008,0.0007404322273126938,0.0003702161136563469
A2VNK2H6USLQTK,0.0,0.0,0.0,0.0,0.0,0.0,0.0,0.0,0.0,0.0,0.0
A3EYWJCIO1MG9W,0.0005236973029588898,0.0007855459544383347,0.003491315353059265,0.003054900933926857,0.0068080649384655665,8.728288382648163e-05,0.0009601117220912979,0.00017456576765296326,0.0006109801867853714,0.004364144191324081,0.00043641441913240813
A27VBVMMEX9GJB,0.0,0.00027695077200027695,0.001177040781001177,0.00013847538600013847,0.001904036557501904,6.923769300006924e-05,0.00010385653950010386,3.461884650003462e-05,0.00010385653950010386,0.0006231392370006231,0.00010385653950010386
A39KKGT1ME3A7M,0.0001986965506278811,0.003735495151804165,0.0018280082657765062,0.0006755682721347957,0.005007153075822604,0.0001986965506278811,0.0005166110316324908,0.0005563503417580671,0.0002384358607534573,0.003616277221427436,0.0008742648227626768
abc123,0.0025817555938037868,0.0025817555938037868,0.0051635111876075735,0.0025817555938037868,0.0025817555938037868,0.0017211703958691911,0.0051635111876075735,0.0051635111876075735,0.00774526678141136,0.011187607573149742,0.0025817555938037868
ABMX8XUNPR3Lp,0.00016576188305499152,0.0020720235381873936,0.0011603331813849404,0.0010774522398574447,0.004309808959429779,0.00033152376610998303,0.0007044880029837139,0.0006630475322199661,0.0004972856491649745,0.0027765115411711077,0.0004144047076374788
A2M3KQ9CKP7YW,0.0026041666666666665,0.005208333333333333,0.0,0.0026041666666666665,0.010416666666666666,0.0,0.0026041666666666665,0.0,0.0,0.0078125,0.0
A1JO6AY55FG7QU,0.0003922337713277113,0.001176701313983134,0.001765051970974701,0.0,0.0021572857423024124,0.00019611688566385565,0.0007844675426554226,0.00019611688566385565,0.0,0.0009805844283192783,0.0
A36KQFLIXQTAQ,0.0,0.0,0.0,0.0,0.0,0.0,0.0,0.0,0.0,0.0,0.0
A34BX72ZUITSW3,0.002380952380952381,0.002380952380952381,0.004761904761904762,0.009523809523809525,0.004761904761904762,0.002380952380952381,0.007142857142857143,0.002380952380952381,0.0,0.007142857142857143,0.0
A25PFSORDO3SWQ,0.0,0.002717391304347826,0.0,0.0,0.024456521739130436,0.0,0.002717391304347826,0.0,0.0,0.01358695652173913,0.0
A1I5YNJ60UATA4,0.0,0.004132231404958678,0.0,0.0,0.0,0.0,0.0,0.0,0.0,0.0,0.0
A1WL3NZ50YEOWP,0.00012559658377292137,0.0020514108682910493,0.0018630159926316672,0.0004814535711295319,0.005861173909402997,0.00023026040358368918,0.00037678975131876413,0.0004395880432052248,0.0003558569873566106,0.004961065059030394,0.0006279829188646069
AI57RR8OF4MR7,0.0005804348796713846,0.003170067419743716,0.002812876724561325,0.0008483279010581775,0.007590302272625798,0.0002678930213867929,0.0011162209224449703,0.0007590302272625798,0.0008483279010581775,0.004063044157699692,0.0005804348796713846
A3NYUZFBZTCUFK,0.0004459308807134894,0.004905239687848384,0.006465997770345597,0.0017837235228539577,0.020066889632107024,0.0,0.002006688963210702,0.0013377926421404682,0.0004459308807134894,0.013377926421404682,0.0002229654403567447
A1CE2XPYCDRHVZ,0.0005218428507529447,0.003801997912628597,0.0032056060831966602,0.0019382734456537946,0.006001192783658864,0.0011927836588638736,0.0019382734456537946,0.0011182346801848814,0.0011182346801848814,0.005069330550171463,0.0006709408081109288
A319HGTKM0UY0V,0.0005643871695983444,0.0033392907534568715,0.002916000376258113,0.0013639356598626657,0.005502774903583858,4.703226413319537e-05,0.0010347098109302981,0.0007995484902643213,0.0001410967923995861,0.005737936224249836,0.000893613018530712
AZTHBV93S8U3T,0.0008154278957883149,0.0031393973987850123,0.0032617115831532597,0.0011008276593142251,0.010029763118196273,0.0006931137114200677,0.0010600562645248094,0.0007746565009988991,0.0005300281322624047,0.005014881559098136,0.0004892567374729889
A18QU0YQB6Q8DF,0.014457831325301205,0.0,0.0,0.0,0.004819277108433735,0.004819277108433735,0.0,0.0,0.0,0.0,0.0
test234,0.0025906735751295338,0.0051813471502590676,0.0051813471502590676,0.0051813471502590676,0.007772020725388601,0.0015544041450777201,0.0062176165803108805,0.00466321243523316,0.004145077720207254,0.012435233160621761,0.004145077720207254
A2VBSFSJXLZZ7A,0.0006040471156750226,0.006342494714587738,0.00694654183026276,0.008456659619450317,0.008758683177287828,0.0045303533675626695,0.0033222591362126247,0.0024161884627000906,0.0015101177891875567,0.011778918755662941,0.0015101177891875567
A1KFUXSVGSHL5Z,0.0,0.0018630647414997672,0.0027945971122496508,0.0009315323707498836,0.004191895668374476,0.0,0.0004657661853749418,0.0,0.0,0.005123428039124359,0.0
A2PMT4061B1NDP,0.0,0.0,0.0,0.0,0.013422818791946308,0.0,0.0,0.0,0.0,0.003355704697986577,0.0
A2ORPKVJKI0EIO,0.0,0.0,0.0,0.0,0.0,0.0,0.0,0.0,0.0,0.0,0.0
A35NEL9WYU3VG8,0.0005978626410582168,0.005380763769523952,0.007099618862566325,0.004035572827142964,0.006576489051640386,0.001345190942380988,0.0024661833943651445,0.001345190942380988,0.0007473283013227711,0.006277557731111277,0.00037366415066138555
A1NLW5ZS2WQR35,0.0,0.0,0.0,0.0,0.0,0.0,0.0,0.0,0.0,0.0,0.0
A1P6OXEJ86HQRM,0.0,0.0,0.00597609561752988,0.00597609561752988,0.00597609561752988,0.0,0.00199203187250996,0.0,0.0,0.00597609561752988,0.0
A2NGMLBFZ3YQP5,0.0,0.0057049714751426246,0.0021733224667209996,0.0008149959250203749,0.006519967400162999,0.00027166530834012495,0.0016299918500407497,0.00027166530834012495,0.00027166530834012495,0.005161640858462374,0.0005433306166802499
A234SQAJKIG8VD,0.0,0.05263157894736842,0.0,0.05263157894736842,0.0,0.0,0.0,0.0,0.0,0.0,0.0
A1SX8IVV82M0LW,0.0,0.0017064846416382253,0.0,0.0,0.008532423208191127,0.0,0.0017064846416382253,0.0,0.0,0.010238907849829351,0.0017064846416382253
A3U6IA3JUSFZ2M,0.0003342556312788992,0.006387996508885629,0.0042339046628660565,0.0032311377690293587,0.006759391654751073,0.0010770459230097862,0.0022655103897792055,0.0013927317969954134,0.0010027668938366976,0.006889379955803978,0.0020241035449666675
A2QWTQ4I70BRWO,0.0,0.007751937984496124,0.0,0.015503875968992248,0.015503875968992248,0.0,0.0,0.0,0.0,0.007751937984496124,0.0
A1WR3WTEHJEY2D,0.0011402508551881414,0.0011402508551881414,0.0034207525655644243,0.0,0.004561003420752566,0.0,0.0011402508551881414,0.0,0.0,0.002280501710376283,0.0011402508551881414
A2YGAEODJ5SSF6,0.0,0.0022471910112359553,0.0022471910112359553,0.0008988764044943821,0.003146067415730337,0.0,0.001348314606741573,0.0,0.00044943820224719103,0.003146067415730337,0.00044943820224719103
A13DD9WSQZ2D2M,0.0007029524000803374,0.00306286402892147,0.0038160273147218315,0.0014059048001606748,0.0069291022293633256,0.0002510544286001205,0.0014059048001606748,0.0008033741715203856,0.0008033741715203856,0.004920666800562362,0.0009540068286804579
A3A6C8329VTSN7,0.0,0.0,0.0,0.0,0.0,0.0,0.0,0.0,0.0,0.0,0.0
A3M3DCE0R1ZWQS,0.0005090012858979854,0.0071795970852979,0.0038844834976425203,0.0030540077153879126,0.005920488641234462,0.0011519502786112301,0.0034558508358336903,0.0023039005572224602,0.0018752678954136305,0.010447921131590227,0.0018216888126875268
AJTNDRWYD3IFR,0.0008263893671234763,0.002754631223744921,0.0038564837132428896,0.0013773156118724605,0.004682873080366366,0.0005509262447489842,0.00227257075958956,0.0011018524894979684,0.0008952551477170994,0.005509262447489842,0.0012395840506852144
A13T61GJTR2Y9B,0.0007088542337930145,0.0036731537569274393,0.001868797525454311,0.001417708467586029,0.005348627400438201,0.000902178115736564,0.0016110323495295785,0.0014821497615672122,0.001417708467586029,0.0038664776388709883,0.0014821497615672122
AL5UXD1GLG4X0,0.0007778596577417506,0.0008187996397281585,0.0029886186850077785,0.0007778596577417506,0.008802096127077705,0.00020469990993203963,0.0009825595676737902,0.0006550397117825269,0.0010234995496601982,0.0032342585769262262,0.0005731597478097109
A1JNDBFZZBTEA0,0.00034057625502349975,0.0034738778012396976,0.0034057625502349974,0.001226074518084599,0.009672365642667394,0.0,0.001430420271098699,0.00047680675703289967,0.001362305020093999,0.009127443634629794,0.0007492677610516995
AECQ7QG4CQP69,0.0,0.0016750418760469012,0.0033500837520938024,0.0,0.0016750418760469012,0.0033500837520938024,0.0016750418760469012,0.0,0.0,0.0016750418760469012,0.0
A332S5HG3XL6TE,0.00021729008225981685,0.0036939313984168864,0.005618500698432408,0.006518702467794506,0.004345801645196337,0.0023591494645351543,0.004035387241968028,0.0020797765016296755,0.0010554089709762533,0.0057116250194009,0.0009002017693620984
AHKRGPN5D3I2G,0.0,0.006514657980456026,0.0,0.0,0.009771986970684038,0.0,0.0,0.003257328990228013,0.0,0.009771986970684038,0.0
A16L296MDDV1ZX,0.0,0.0,0.0,0.0,0.06382978723404255,0.0,0.0,0.0,0.0,0.0425531914893617,0.0
A3HOBJ4PJUOCUN,0.00034574161576581767,0.0011140563174676349,0.0009219776420421805,0.000268910145595636,0.003111674541892359,0.000268910145595636,0.000268910145595636,0.00034574161576581767,0.000537820291191272,0.0006146517613614536,0.0006146517613614536
A2Z0UFTYUDNE97,0.0010767160161507402,0.0029609690444145358,0.0039030955585464336,0.0029609690444145358,0.008344549125168237,0.0039030955585464336,0.002018842530282638,0.0026917900403768506,0.0017496635262449528,0.006729475100942127,0.0010767160161507402
APY5858P6BTDY,0.0005148741418764302,0.002173913043478261,0.002345537757437071,0.0013157894736842105,0.013100686498855835,0.00040045766590389014,0.0017734553775743708,0.00034324942791762013,0.0008581235697940503,0.006693363844393592,0.00040045766590389014
AZCGSVDT79E6X,0.0,0.0,0.0020222446916076846,0.0010111223458038423,0.003033367037411527,0.0,0.0,0.0,0.0,0.0020222446916076846,0.0
A2MWAXV1YRK5GH,0.00024606299212598425,0.00012303149606299212,0.0,0.0,0.0,0.00012303149606299212,0.00012303149606299212,0.00012303149606299212,0.00024606299212598425,0.00012303149606299212,0.0
A1TJZFTCYX4ASU,0.0,0.002564102564102564,0.002564102564102564,0.0,0.007692307692307693,0.0,0.0008547008547008547,0.0008547008547008547,0.0,0.005128205128205128,0.0
A1UGD2VEVSML1U,4.3436712709582136e-05,0.0017374685083832856,0.0007384241160628964,0.0009121709669012249,0.00690643732082356,0.00017374685083832854,0.00013031013812874641,0.0004343671270958214,4.3436712709582136e-05,0.006732690469985232,0.0003474937016766571
A2NK67A23XP83H,0.0,0.0,0.0,0.0,0.0,0.0,0.0,0.0,0.0,0.0,0.0
A1CX684F5TEO5W,0.0,0.0,0.0035714285714285713,0.0,0.0035714285714285713,0.0,0.0,0.0,0.0,0.0,0.0
A3C0NQ2IP5FTZQ,0.000612369871402327,0.002449479485609308,0.004286589099816289,0.0,0.003674219228413962,0.000612369871402327,0.00612369871402327,0.002449479485609308,0.000612369871402327,0.007348438456827924,0.01837109614206981
